image_name,caption
0_2.jpg,"This residential floor plan presents a horizontally oriented layout with a dominant central garage measuring 48' x 44', anchoring the structure. To the left, the living quarters include a master bedroom (11' x 12'), a compact bath (9' x 5'), and a well-proportioned living room (15' x 12') that opens onto a generous patio (12' x 23'), promoting seamless indoor-outdoor interaction. The kitchen (11' x 9') is efficiently placed for functional circulation between living and dining zones. On the right, a covered area (23' x 16') offers flexible utility or leisure space. The entire structure spans 60' in width and 44' in depth, emphasizing a balanced distribution of private, social, and service zones."
0_3.jpg,"This single-story residential floor plan showcases a balanced spatial arrangement with a centrally located family room (12' x 18') that connects seamlessly to a spacious covered porch (37'-4"" x 14'-0""). The master suite (11'-8"" x 13'-8"") is thoughtfully designed with an en-suite bath, walk-in closet, and a dedicated safe room, ensuring privacy and security. Two additional bedrooms, each with walk-in closets, share a well-placed bathroom, optimizing circulation. The country kitchen (12' x 13') anchors the service core, adjacent to a pantry, mudroom, and utility area, with direct access to the two-car garage (23'-4"" x 23'-0""). A study near the foyer offers a quiet retreat, while the front veranda (35' x 6') and rear porch enhance the home's indoor-outdoor connectivity. Overall, the layout emphasizes functional zoning, privacy, and fluid movement across living, service, and leisure spaces"
0_4.jpg,"The first-floor layout of this residence is a well-balanced composition of spatial efficiency and aesthetic appeal. Anchored by a 26' x 21'-8"" garage with a 10-foot wall height, the plan transitions smoothly into a mud room, facilitating functional movement into the home. The heart of the house features an open-concept great room, dining area, and kitchen, all unified by cathedral ceilings that enhance vertical volume and natural light. The master bedroom, positioned for privacy, includes a spacious walk-in closet and an en-suite bath, while Bedrooms 2 and 3 mirror each other in size and closet design, sharing a centrally located bathroom. Circulation is intuitive, with clear zoning between public and private areas, and the inclusion of a pantry and covered porch adds both convenience and charm. The rear patio, measuring 19' x 11'-6"", extends the living space outdoors, reinforcing the home's emphasis on comfort, flow, and livability"
0_5.jpg,"This is a floor plan of a house shaped like an “L.” In the middle front, there’s a covered porch that leads into the living room. On the right side, you’ll find the kitchen, dining area, and a garage. Behind that are four bedrooms—one is a master bedroom with its own bathroom and closet, and the others share a bathroom. On the left side of the house, there’s a separate area with an office and a flex room, connected by a breezeway. The layout is neat and organized, with clear spaces for living, working, and relaxing."
0_6.jpg,"This first-floor residential plan is organized around both functionality and comfort, with clearly defined zones for living, dining, and utility. The entrance opens into a modest 6-by-6-foot foyer, leading directly into a spacious 11-by-11-foot kitchen and adjacent pantry. An open area connects to a 12-by-11-foot dining room and a generous 21-by-17-foot living room, forming the social core of the home. The private wing includes a 14-by-14-foot master bedroom with an en-suite bathroom featuring a tub, shower, double sink, and toilet, plus a walk-in closet. Utility spaces like the laundry room are tucked nearby. A large 30-by-17-foot shop and 30-by-9-foot storage area extend the plan’s functionality. Multiple doors and windows ensure natural light and circulation, while the covered porch offers a transitional outdoor space. The layout is symmetrical and accessible, with clear circulation paths and spatial hierarchy."
0_7.jpg,"This house plan shows a single-story home with a simple, practical layout. At the front, there’s a covered porch with a high ceiling that leads into a large open living space combining the great room, dining area, and kitchen. The kitchen includes a pantry for extra storage. On one side of the house is the master bedroom with its own bathroom and walk-in closet, while the other side has two smaller bedrooms and a shared bathroom. There’s also a laundry room and a stairway in the center. Attached to the right side of the house is a huge shop area, which could be used for work, storage, or hobbies. The whole design is spacious and easy to move through, with everything laid out clearly."
0_8.jpg,"house plan shows a spacious single-story home with a simple and practical layout. At the front, there’s a covered porch that leads into a large great room with a high ceiling, perfect for relaxing or entertaining. The kitchen and dining area sit nearby, with a pantry and island for easy cooking and storage. The master bedroom this is roomy and has its own bathroom plus two walk-in closets. On the other side of the house, there are two smaller bedrooms that share a bathroom. There’s also a laundry room, a mechanical room, and a big garage with extra storage space—all under one roof. The design is open, comfortable, and easy to move through.describe this image with attention to architecture, buildings, or floor plan details."
0_9.jpg,"This house plan shows a cozy and well-organized single-story layout. It starts with a front porch that leads into a spacious great room with a high ceiling, perfect for relaxing or entertaining. The dining area and kitchen are nearby, with a pantry and utility space for convenience. The master bedroom is roomy and has its own bathroom and walk-in closet. Two other bedrooms are placed together with a shared bathroom. There's also a rear covered porch, a garage, and a carport for parking. Overall, the design is simple, practical, and easy to move around in."
0_10.jpg,"This floor plan delineates a mixed-use structure comprising a commercial shop and an adjoining residential unit. The primary commercial space, labeled ""SHOP,"" spans 29 feet by 37 feet with a ceiling height of 13 feet, and is accessible via two garage doors, suggesting vehicular ingress or delivery access. Adjacent to the shop, the residential wing includes a 13'×10' bedroom and a 17'×12' living room, both with 9-foot ceiling heights, ensuring spatial comfort. Supporting amenities include a 5'×8' bathroom and a 12'×10' bar area, likely serving as a compact kitchen or social zone. The entire structure spans 48 feet in width, with clear zoning between commercial and private functions, optimizing both utility and privacy."
0_11.jpg,"This is a well-thought-out house plan for a single-story home. It has a carport big enough for two cars, and both front and back porches where you can relax or greet guests. Inside, the heart of the home is a large Great Room that connects smoothly to the kitchen and dining area—perfect for family time or entertaining. The master bedroom is roomy and has a fancy raised ceiling, plus a big bathroom and closet. There are two other bedrooms for kids, guests, or an office, and they share a hallway bathroom. You also get a laundry room, a pantry for kitchen storage, and a small storage room for extras. The ceilings are mostly 9 feet high, which makes the whole place feel spacious and airy."
0_12.jpg,"This is a single-story house with a clear division between public and private spaces. The front porch leads into a spacious great room connected to an open kitchen and dining area. The master suite is privately located with its own bathroom and walk-in closet. Two additional bedrooms share a second bathroom, ideal for family or guests. Utility areas like laundry, pantry, and garage are placed for easy access and minimal disruption. Porches and hallways enhance circulation, light, and outdoor connection throughout the home."
0_13.jpg,"This residential floor plan presents a well-balanced single-story layout emphasizing spatial flow and functional zoning. The design features a prominent front porch (45'-0"" x 6'-0"") leading into a spacious living room (17'-0"" x 16'-0"") with a consistent ceiling height of 10'-4"" throughout the main areas. Adjacent to the living room is a formal dining space (17'-10"" x 9'-4"") and an open-concept kitchen (14'-8"" x 13'-0"") equipped with a pantry (5'-0"" x 5'-0""), shelving, and a bar counter. The rear porch (24'-2"" x 9'-0"") provides outdoor connectivity. The master suite includes a bedroom (14'-2"" x 13'-0""), a walk-in closet (6'-8"" x 10'-0""), and a master bath (10'-8"" x 10'-0"") with dual sinks and a shower. A secondary bedroom (12'-8"" x 11'-0"") and full bath (6'-0"" x 10'-0"") are accessed via a central hall. Additional features include a side porch (6'-8"" x 6'-0"") and a stairwell leading to the upper level. The plan prioritizes circulation, privacy, and natural light."
0_14.jpg,"This single-story home features a vaulted living and dining area that anchors the layout. The kitchen is compact yet functional, connected to a pantry and utility space near the garage entry. The master suite includes two closets and a private bathroom, offering comfort and privacy. Bedroom 2 and Bath 2 are positioned together, ideal for guests or family members. Generous front and side porches extend the living space outdoors with 10' high ceilings. The garage is spacious with a tall overhead door, supporting both parking and storage needs."
0_15.jpg,"The first floor plan presents a well-structured residential layout emphasizing spatial hierarchy and functional zoning. The design integrates a central living core flanked by private and service zones. The left wing accommodates the primary bedrooms and bathrooms, ensuring privacy and acoustic separation. The central axis comprises the living room, dining area, and kitchen, promoting open-plan interaction and natural light distribution. A covered front porch anchors the entry sequence, while a rear covered porch enhances outdoor connectivity. The right wing features a substantial 5-car garage, indicating a high-capacity vehicular provision and potential for auxiliary storage or workspace. Circulation is efficiently managed through hallways and transitional spaces, with clear delineation between public and private zones."
0_16.jpg,"This single-story home features a central corridor connecting all rooms for efficient flow. The great room and kitchen form an open-concept space, ideal for shared living and dining. The master bedroom includes a walk-in closet and ensuite, offering privacy and comfort. Utility spaces like laundry, pantry, and mechanical room are compact and well-placed. Front and rear covered porches span the full width of the house, enhancing outdoor living. Stairs in the center suggest potential access to a basement or upper level for expansion"
0_17.jpg,"This residential plan features a compact main floor layout integrated with a large garage/shop zone. The entry opens to a covered porch leading into a great room with open railing and loft above. An adjacent kitchen supports open-concept living, enhancing spatial flow and visibility. The master suite includes a walk-in closet and en-suite bath, positioned for privacy. A hallway connects to a laundry room and secondary bath, optimizing utility access. The garage and shop area, with 12' ceilings, dominate the footprint, ideal for storage and workspace."
0_18.jpg,"This is a single-story residential layout with a strong emphasis on indoor-outdoor integration. The living room, kitchen, and bedrooms are arranged efficiently under sloped ceilings for spatial depth. A massive garage (48' x 44') anchors one side of the home, ideal for multiple vehicles or workshop space. Outdoor living is enhanced by a large covered area and patio, perfect for entertaining or relaxing. Private zones include two bedrooms, a shared bathroom, and a walk-in closet for storage. The compact footprint and open flow make this design suitable for both functionality and comfort."
0_19.jpg,"This garage plan features a rectangular footprint measuring 25'-10"" by 26'-2"", with a generous ceiling height of 19'-0"", suitable for vertical storage or vehicle lifts. The layout includes a staircase labeled ""UP"" providing access to an upper level, with a designated storage zone beneath the stairwell. Dashed lines define the vehicular parking envelope, optimizing circulation and access. Multiple entry points are positioned along the right and bottom elevations, facilitating flexible ingress and egress. The spatial configuration supports both vehicular accommodation and auxiliary storage, ideal for residential or workshop integration."
0_20.jpg,"This first-floor plan showcases a well-balanced residential layout with both functional and spacious zones. The heart of the home is a two-story living room, seamlessly connected to the kitchen and dining area for open-concept living. A den near the entry offers flexibility for work or quiet retreat. The master suite is thoughtfully designed with a walk-in closet, ensuite bath, and nearby laundry for convenience. A dedicated shop space with high walls sits adjacent to the garage, ideal for hobbies or storage. Covered porch access enhances the entry experience and supports indoor-outdoor flow."
0_21.jpg,"This residential layout integrates living, utility, and workshop zones within a unified footprint. The central core includes a spacious living room, dining area, and kitchen with direct porch access. Private quarters feature a master bedroom, sewing room, and dedicated bath and laundry spaces. A formal entry connects to storage, toilet, and closet zones for functional transition. The garage accommodates three vehicles, while the adjacent shop offers expansive workspace. A secure safe room enhances the plan’s resilience and utility-driven design."
0_22.jpg,"This floor plan presents a well-organized single-story home paired with an expansive garage/shop area. The main living space includes a central living room, kitchen, and dining area, promoting open interaction and flow. Three bedrooms are arranged for privacy, with Bedroom #1 featuring an ensuite bath and walk-in closet. Utility spaces like laundry, pantry, and hallways are efficiently placed for daily convenience. The garage/shop spans an impressive 56' x 40', ideal for vehicle storage, workspace, or commercial use. Overall, the design balances residential comfort with substantial functional space."
0_23.jpg,"This single-story residential plan features a well-zoned layout emphasizing open-concept living and private retreat areas. The master suite (18'-4"" x 13'-0"") includes a boxed ceiling, a spacious bath with dual vanities, tub, shower, and a walk-in closet. The great room (17'-4"" x 16'-0"") anchors the central living space, seamlessly connecting to the dining area (11'-8"" x 14'-4"") and kitchen, which includes an island and pantry. Bedrooms 2 and 3 share a full bath, positioned for efficient circulation. Entry is defined by a foyer leading to a covered porch, while the rear grilling porch enhances outdoor usability. Utility spaces include a laundry room, optional drop zone, and a 2-car garage (22'-0"" x 21'-0""), supporting functional daily living."
0_24.jpg,"This single-story home features a well-zoned layout with a spacious two-car garage measuring 25'0"" x 21'4"", flanked by dedicated trash and HVAC areas. The great room (16'0"" x 16'0"") anchors the living space, seamlessly connected to a 10'0"" x 10'0"" kitchen and dining area. The master bedroom (15'0"" x 14'0"") includes a walk-in closet and private bath, while bedrooms #2 and #3 (each 11'0"" x 11'0"") share a hall bath. Utility spaces like the laundry/mudroom and pantry/storage are efficiently placed for daily use. Covered entry and patio areas extend the living experience outdoors. Additional features like closets, vestibule, and coat storage enhance functionality and flow throughout the home."
0_25.jpg,"This single-story residential plan is thoughtfully organized to balance comfort, functionality, and spatial flow. The heart of the home features a Great Room (16' x 17') with an optional coffered ceiling, seamlessly connected to a Dining area and Kitchen (both 10' x 10'), complete with a pantry for storage. The Master Bedroom (14' x 14') includes an en-suite bath and a walk-in closet, while Bedrooms 2 and 3 share a centrally located second bathroom. Covered porches at both the front and rear enhance outdoor living. Utility spaces like the laundry room and mechanical room are efficiently placed, and a spacious 42' x 30' Shop with dual garage doors offers extensive room for vehicles, tools, or hobby work. The layout ensures smooth circulation and clear zoning between private, social, and service areas."
0_26.jpg,"This first-floor plan features a balanced residential layout with a 30'0"" x 24'0"" shop and an 18'0"" x 24'0"" garage, both offering generous access through large doors. The living room (15'0"" x 15'0"") connects seamlessly to the 11'0"" x 11'0"" kitchen, which includes an island and adjacent pantry for efficient meal prep. The master bedroom (13'0"" x 14'0"") includes a walk-in closet and a private master bath, enhancing comfort and privacy. Utility areas like the laundry room, mechanical storage, and mudroom are strategically placed near the garage for convenience. A front porch measuring 31'0"" x 6'0"" with a 13'0"" beam adds charm and outdoor functionality. Overall, the plan blends residential comfort with practical workspace integration"
0_27.jpg,"This single-story residential layout is designed with symmetry and functionality in mind. The central zone features an open-concept kitchen, dining area, and great room—each measuring 23 feet in length—creating a spacious communal core that opens directly to a large lanai (41' x 12.5') for outdoor living. The master suite, located on one side of the house, includes a generous bedroom (12' x 14.5'), a luxurious bathroom (12' x 12'), and a walk-in closet. On the opposite side, two additional bedrooms (12' x 12') share a full bath, and an office (12' x 10.5') offers flexible workspace. The plan also includes two water closets, a laundry area, and a loft accessed by ladder, maximizing vertical space. Covered porches at the front and rear enhance the home's entry and relaxation zones, while the overall footprint (53'-9"" wide by 47'-6"" deep) ensures efficient circulation and balanced zoning between private and shared areas."
0_28.jpg,"This residential floor plan spans 80'0"" in width and 40'0"" in depth, offering a well-balanced single-story layout. The living room, dining area, and kitchen form a central open zone, with the kitchen measuring 11'0"" x 11'0"". The master bedroom (13'0"" x 14'0"") includes a walk-in closet and ensuite bath, positioned for privacy. Additional bedrooms, bathroom, laundry, and mudroom are arranged efficiently along the corridor. A front porch enhances the entry experience, while the garage on the right features varied wall heights for functional flexibility. Overall, the design emphasizes comfort, circulation, and practical zoning"
0_29.jpg,"This first-floor residential plan is efficiently organized within a 52' x 32' footprint, balancing private and shared spaces. The front entry opens to a 36' x 8' covered porch, leading into a compact foyer that connects directly to the dining room, kitchen, and living room—all with 12-foot wall heights for a spacious feel. The kitchen includes essential fixtures like a refrigerator, sink, and stove, while the living area offers ample room for relaxation. Two bedrooms are positioned side by side, sharing a centrally located bathroom for convenience. A dedicated shop space (21' x 11'-4"") with a 16' x 10' overhead garage door provides functional workspace or storage. Additional features include a side porch, stack washer/dryer near the entry, and clear circulation paths that support both comfort and utility"
0_30.jpg,"This single-story residential plan is organized around a vaulted central Great Room (18'-0"" x 15'-6"") that connects fluidly to a vaulted Kitchen (10'-2"" x 15'-6"") and adjacent Pantry, promoting open-concept living. The Owner’s Bedroom (13'-4"" x 14'-0"") features a 10-foot ceiling, an en-suite bath with a 3'x4' shower, 6-foot tub, seat, and dual sinks, along with a walk-in closet. Three additional bedrooms are positioned for privacy, each with 10-foot ceilings and access to two full bathrooms. Functional zones include a Laundry room, linen closets, and dual covered porches—front (29'-8"" x 8'-0"") and rear (40'-0"" x 10'-0"")—enhancing indoor-outdoor flow. The layout prioritizes spatial efficiency, comfort, and circulation, making it ideal for family living."
1_1.jpg,"This single-story home features a well-organized layout centered around a spacious family room measuring 17'-7"" x 18'-5"". The kitchen and nook, each 11'-0"" x 12'-0"", are positioned for easy access and flow into the lanai (18'-0"" x 14'-0""), enhancing indoor-outdoor living. The master suite (16'-0"" x 13'-0"") includes a private bath and walk-in closets, offering comfort and privacy. Two additional bedrooms (11'-0"" x 12'-0"") share a bathroom, ideal for family or guests. Functional zones like the study (11'-0"" x 11'-0""), pantry, storage, and mudroom support daily routines. A two-car garage (23'-5"" x 23'-5"") and a covered porch (11'-7"" x 9'-6"") complete the design with utility and curb appeal"
1_2.jpg,"This single-story home spans 45 feet in width and 47 feet 8 inches in depth, offering a compact yet well-zoned layout. The family room, measuring 16 feet by 19 feet, features a cathedral ceiling and connects directly to the dining area and kitchen for open living. The owner's suite (15 feet by 12 feet) includes a private bath and is positioned for privacy at the rear. Bedrooms 2 and 3 are modestly sized and share a nearby bathroom, ideal for children or guests. A utility room with washer and dryer sits near the garage (20 feet by 21 feet), streamlining household tasks. The front porch and optional rear deck enhance outdoor access and relaxation."
1_3.jpg,"This residential floor plan is laid out within a 25-foot by 48-foot footprint, offering a compact yet functional single-story design. The front opens to a covered porch leading into a parlor (14' x 13') and dining room (14' x 9'), creating a welcoming social zone. The kitchen is efficiently arranged with designated spaces for a washer, dryer, and refrigerator, and is supported by a nearby utility room. The master bedroom (13'-6"" x 12') includes an attached bathroom and walk-in closet, providing privacy and comfort. Two additional bedrooms (10' x 10' each) are connected by a hallway and share a second bathroom, making the layout ideal for families. Overall, the plan balances shared living areas with private retreats, ensuring smooth circulation and practical use of space."
1_4.jpg,"This compact residential layout offers a practical and efficient use of space, ideal for a small household. The living room (13 feet 6 inches by 13 feet) anchors the plan, connecting directly to a well-sized kitchen and adjacent mudroom. A single bedroom (10 feet 4 inches by 9 feet 4 inches) is positioned for privacy, with nearby access to a full bath. The kitchen layout includes standard appliances and counter space, supporting daily functionality. A rear deck (15 feet by 6 feet) extends the living area outdoors, enhancing relaxation and light. Overall, the design emphasizes simplicity, circulation, and essential comfort."
1_5.jpg,"This single-story residential layout is thoughtfully arranged to balance private comfort with open communal living. The Master Suite (15' x 15'-4"") anchors one wing of the house, featuring a spacious en-suite bath with dual sinks, a tub, shower, and two walk-in closets for added convenience. The central zone includes a well-connected kitchen, nook (10'-4"" x 10'-8""), and a large family room (18' x 19'), all opening to a covered lanai (20'-3"" x 13'-4"") and BBQ porch for outdoor living. Two additional bedrooms (11'-5"" x 14' and 12'-3"" x 14') share a full bath, while a dedicated office (10' x 10') and formal dining room (13' x 13') offer flexible use of space. The foyer leads to a coat closet and powder room, and the utility room connects directly to a two-car garage (21'-5"" x 21'-8""). Overall, the plan emphasizes smooth circulation, functional zoning, and indoor-outdoor flow—ideal for both family life and entertaining."
1_6.jpg,"This single-story home features a balanced layout with a welcoming front porch leading into a defined foyer. The great room (16 feet by 17 feet) anchors the living space, enhanced by a cathedral ceiling and fireplace, and flows into a spacious kitchen (15 feet by 13 feet 4 inches) with pantry and closet access. The master bedroom mirrors the kitchen’s dimensions and ceiling height, offering a walk-in closet and private bath. Two additional bedrooms, each with their own closet, share a centrally located bathroom. A dining room near the foyer adds formal functionality, while the rear deck extends the living area outdoors. The garage (21 feet by 20 feet) includes a storage zone, supporting both parking and utility needs."
1_7.jpg,"This single-story residential floor plan is designed for both comfort and functionality, with a clear separation between private and shared spaces. The home features a spacious 2-car garage (22'-4"" x 22'-0"") that connects to a mudroom and stair access to the basement, supporting practical daily use. The central living area includes a well-proportioned living room (16' x 16') with a 10-foot ceiling and fireplace, seamlessly connected to a large kitchen (18'-3"" x 14'-6"") with an island and pantry, and an adjacent dining room (14' x 12'). The master suite offers privacy and luxury, with a bedroom (16' x 14'), dual walk-in closets, and a master bath equipped with double sinks, a tub, shower, and toilet. A second bedroom and a front-facing office/den provide flexibility for guests or work-from-home needs. Additional features include a laundry room, multiple storage areas, and a covered rear porch (20' x 13') for outdoor relaxation. The layout emphasizes smooth circulation, natural light, and efficient zoning for modern living."
1_8.jpg,"This single-story home offers a spacious and well-zoned layout centered around a vaulted great room measuring 18 feet by 18 feet. The kitchen includes an island and pantry, flowing into a dining area and a grilling porch with a fireplace for outdoor entertaining. The master suite (15 feet by 15 feet) features a vaulted ceiling, glass shower, and walk-in closet for comfort and privacy. Bedrooms two and three are positioned together with a shared bath, while a guest room or study adds flexibility. A foyer with planter and skylight details enhances the entry experience. The two-car garage and laundry room complete the plan with practical utility and storage."
1_9.jpg,"This residential layout presents a compact yet well-organized single-story design. The central den (15'-6"" x 18'-10"") acts as the main living space, connecting directly to an 8' covered porch and adjacent dining area (10' x 10'). The kitchen (9'-4"" x 10') is efficiently arranged with a refrigerator, pantry, sink, and dishwasher, supporting functional meal prep and flow. A grilling porch (12' x 12') extends from the dining area, accompanied by a supply room and storage space for outdoor utility. The plan includes one bedroom (11'-4"" x 11') with nearby access to a full bath (7'-8"" x 8') and a stacked washer/dryer unit. Circulation is smooth, with clearly defined zones for living, cooking, and resting, making the layout ideal for a small household or guest suite. The design emphasizes indoor-outdoor connectivity and practical space usage."
1_10.jpg,"This residential floor plan offers a well-organized single-story layout with a clear separation of public and private zones. The living room (13 feet 2 inches by 10 feet) connects seamlessly to the dining area and kitchen, both sized for efficient daily use. The master bedroom (14 feet by 17 feet 2 inches) includes a spacious walk-in closet and a bathroom with dual sinks and a roll-in shower. Utility spaces like the laundry room and pantry are compact yet functional, supporting household routines. A powder room and coat closet near the entry enhance convenience and flow. Overall, the design emphasizes comfort, accessibility, and smart spatial planning."
1_11.jpg,"This single-story residential layout is organized within a rectangular footprint, emphasizing functional zoning and efficient circulation. The plan includes a two-car garage (21' x 22') with direct access to a mud room and adjacent storage, supporting transitional utility. The central living zone comprises a 17' x 17' living room, a 10' x 12' dining area, and a 10' x 12' kitchen, all arranged for open-concept interaction. The master suite (14' x 15') features an en-suite bath with dual vanities, a tub, shower, and toilet, along with a walk-in closet. Bedrooms 2 and 3 (each 10' x 11') share a full bath. Additional service areas include a laundry room, pantry, coat closet, and covered patio (16' x 12') for outdoor extension. The front porch (23'-3"" x 6') and entry foyer establish a formal arrival sequence."
1_12.jpg,"This main floor plan spans 34 feet in width and 64 feet in depth, offering a well-structured layout with distinct zones for living, working, and entertaining. The living room (18 feet by 17 feet 2 inches) anchors the space and connects to a dining area and kitchen, both designed for efficient flow. A screened porch and front porch enhance outdoor access, while the mudroom and guest bath near the entry add practical convenience. The media room and office, each over 11 feet wide, provide flexible private spaces for work or leisure. Circulation is smooth throughout, with clear transitions between public and private areas. Overall, the design balances openness with functionality, ideal for modern living"
1_13.jpg,"This single-story residential layout is organized around a central family zone, with clear zoning between public, private, and service areas. The plan includes a two-car garage (23'-5"" x 23'-5"") with direct access to utility and storage spaces, supporting functional transitions. The main living core features a family room (17'-3"" x 19'-0"") connected to a kitchen and dining area (each 11'-0"" x 12'-2""), promoting open-concept flow. A study (10'-0"" x 10'-0"") offers flexible workspace near the entry. The master suite (16'-0"" x 15'-0"") includes a walk-in closet and en-suite bath, while two additional bedrooms (11'-0"" x 11'-0"" and 11'-0"" x 12'-0"") each have their own walk-in closets and share a full bath. Outdoor living is enhanced by a lanai (17'-0"" x 12'-0"") with double French doors and a covered porch (29'-0"" x 9'-6""). Ceiling heights vary between 10' and 11', adding vertical spaciousness throughout."
1_14.jpg,"This compact home layout features a covered entry porch measuring 15 feet by 8 feet, leading into a cozy living room sized at 13 feet 8 inches by 12 feet. The dining area and adjacent kitchen are efficiently arranged for daily use, with labeled appliances like refrigerator and range. Two bedrooms, each just over 9 feet wide, are positioned for privacy and share a centrally located bathroom. A small HVAC closet sits beside the bath, supporting climate control needs. Overall, the plan emphasizes simplicity, circulation, and essential comfort within a modest footprint."
1_15.jpg,"This single-story residential layout spans 60 feet in width and 56 feet in depth, offering a balanced distribution of private and communal zones. The plan features a master bedroom (15' x 13') with direct access to an en-suite bath and walk-in closet, positioned for privacy. Bedrooms 2 and 3 (each 10' x 10') are located on the opposite side of the house, sharing a central bathroom. The living room (14'-4"" x 17'-4"") anchors the social core, connecting fluidly to the dining area (10' x 13'-2"") and kitchen (10'-9"" x 18'-2""). A front porch (15' x 6') provides a formal entry, while the two-car garage (19'-4"" x 19'-8"") links to a dedicated storage room (12'-6"" x 9'-2""), enhancing utility access and circulation."
1_16.jpg,"This house plan spans 62 feet in length and 26 feet in width, offering a well-balanced single-story layout. The living room (17 feet 6 inches by 14 feet 4 inches) anchors the home, flowing into a dining area and kitchen for open-concept living. The master bedroom (14 feet 10 inches by 11 feet) includes a private bath and closet, positioned for privacy. Bedrooms two and three, each 11 feet square, share a nearby bathroom and are ideal for family or guests. A front porch measuring 14 feet 4 inches by 10 feet adds charm and outdoor functionality. Utility spaces like laundry and hallway closets support daily convenience and circulation."
1_17.jpg,"This single-story residential layout is organized with a clear separation between public and private zones, emphasizing spatial efficiency and vertical openness with consistent 10-foot ceiling heights. The front porch (33' x 9') establishes a formal entry sequence leading into a central family room (17'-6"" x 15'-2""), which anchors the social core and connects directly to the kitchen (13'-8"" x 14'-2"") and dining area (16'-6"" x 10'-8""). The master suite (13' x 15'-2"") includes a full bath with dual sinks, a tub, shower, and toilet, offering privacy and comfort. A tech room (6'-1"" x 8'-4"") provides flexible workspace, while the rear porch (18' x 10') and carport support outdoor living and vehicular access. Service areas include a washer room, closet/storage, and a half bath, all positioned for functional circulation."
1_18.jpg,"This single-story home features a spacious great room measuring 16 feet 6 inches by 22 feet 6 inches, forming the heart of the layout with direct access to the kitchen and entry. The master bedroom (13 feet by 14 feet) includes a private bath and closet, positioned for privacy and comfort. A flex room near the front offers versatility for work or guests, while the laundry and bath are conveniently placed along the corridor. The one-car garage (13 feet by 21 feet) connects to the entry, supporting daily function and storage. A front porch measuring 13 feet by 6 feet adds charm and shelter to the entrance."
1_19.jpg,"This single-level residential layout is organized around a central axis of public and private zones, with a strong emphasis on spatial hierarchy and circulation. The entry (20' x 7'-6"") leads directly into a formal dining area (17' x 11') and adjacent kitchen (17' x 8'-6""), which connects to a spacious living room (19' x 17'-6"") featuring a raised ceiling for vertical emphasis. The master suite (14' x 17'-6"") includes a generously sized bath (16' x 11'-6"") and a walk-in closet (9'-2"" x 15'-4""), offering privacy and luxury. Auxiliary spaces include a sunroom (17' x 11'), study (11' x 11'), pantry, powder room, laundry, and a three-car garage. Outdoor circulation is supported by patio pathways and furniture zones, enhancing the indoor-outdoor relationship"
1_20.jpg,"This single-story home spans 65 feet 8 inches in width and 49 feet 8 inches in depth, offering a spacious and well-zoned layout. The great room (17 feet 6 inches by 19 feet 4 inches) anchors the living space and opens to a covered lanai for outdoor relaxation. The kitchen connects to a dining area and includes a pantry, supporting efficient meal prep and flow. The master suite (12 feet by 14 feet 10 inches) features a private bath and walk-in closet, while bedrooms two and three are positioned with a shared bath nearby. A foyer and entry area provide a welcoming transition into the home. The two-car garage (15 feet 6 inches by 28 feet 4 inches) includes an adjacent utility room for added convenience."
1_21.jpg,"This single-story residential layout is compact yet efficiently zoned, integrating both private and communal functions. The plan includes a single-car garage (14' x 22') with direct access to a mudroom and adjacent washer/dryer zone, supporting transitional utility. The great room (17' x 15') forms the central living space, connecting fluidly to the kitchen (15' x 14') and pantry, with circulation extending toward the covered porch (8' x 14'). The master bedroom (15' x 14') is positioned for privacy and features an optional tray or vaulted ceiling, enhancing vertical volume. It connects to a full bath (8' x 7') and closet. Additional service areas include multiple closets and a rear patio, reinforcing indoor-outdoor flow and storage efficiency."
204_A.jpg,"This building showcases classical architecture with a symmetrical stone facade divided into two levels. The ground floor features arched windows and doorways, framed by intricately carved columns and three recessed niches, each containing a statue. Above, the upper level mirrors this arrangement with three more niches and statues, framed by decorative moldings and vertical elements that create a rhythmic visual flow. The use of beige and brown stone adds a sense of age and elegance, while the repetition of sculptural and structural details gives the facade a formal, balanced appearance. Overall, it reflects a historic style that emphasizes harmony, ornamentation, and cultural significance."
205_A.jpg,"This building is a multi-story urban structure designed for mixed use, combining residential apartments above with commercial shops at street level. The facade is a muted beige, offering a neutral tone that blends into the cityscape. Each residential unit features a balcony, many of which are enclosed with glass—these act as semi-private extensions of the living space, allowing light while offering protection from weather. Air conditioning units are mounted externally, indicating a retrofit approach to climate control. The ground floor is lined with retail storefronts, each with distinct signage and entrances, creating a vibrant pedestrian zone. The overall design prioritizes density and functionality, typical of city architecture where space is maximized vertically and every level serves a distinct purpose."
206_A.jpg,"This four-story building features a classical urban facade with symmetrical design elements. The ground floor is defined by large arched windows and doorways, typical of traditional European architecture. Above, the upper three levels display evenly spaced rectangular windows with decorative frames, creating a formal and balanced rhythm. The building is set in a city environment, with pedestrians, street lamps, and traffic signs contributing to its urban character. Its stone or stucco surface and muted color palette evoke a sense of historic elegance and civic dignity."
207_A.jpg,"This building presents a compact urban facade with a blend of commercial and residential design. The exterior is finished in beige and white tones, creating a clean, understated look. On the upper floors, six large windows are arranged symmetrically in two rows of three, each framed in dark material that contrasts with the lighter walls. These windows likely serve residential or office spaces, allowing natural light while maintaining visual rhythm. The ground floor features a storefront named ""Azazel,"" with bold signage in stylized yellow and red lettering, both above the entrance and on a hanging sign that projects outward—designed to catch the attention of pedestrians. Architectural accents like window sills and corner detailing add subtle texture and depth to the otherwise flat facade, suggesting a nod to classical design elements within a modern commercial context."
208_A.jpg,"Imagine a tall, elegant building with a soft green exterior that feels both refined and decorative. The ground floor greets you with arched window frames set into textured stone—if you ran your hand across it, you'd feel the contrast between smooth curves and rough surfaces. Above that, the building rises with symmetrically placed windows, each framed by delicate moldings that add a sense of rhythm and grace. On the third floor, there's a balcony with ornate wrought iron railings—cool to the touch, with swirling patterns like vines frozen in metal. The building’s vertical lines and repeating shapes give it a balanced, classical feel. Around it, the sidewalk is lined with bollards and tall street lamps, anchoring the building in a lively urban setting."
209_A.jpg,"This building showcases a symmetrical and visually striking facade, typical of historic urban architecture. The exterior is light-colored, with vertical columns and decorative window frames that add rhythm and elegance to the design. A central balcony on the third floor serves as a focal point, framed by ornate detailing that suggests classical influence. On the ground level, three arched entrances are topped with bold red awnings labeled ""TEXAS,"" indicating a themed commercial space—likely a restaurant or bar. Wooden barrels placed outside reinforce the rustic, Western motif. The building is nestled among others with varied styles, hinting at a dense, possibly European cityscape where architectural diversity reflects layers of history and function."
210_A.jpg,"This building reflects a layered urban design, combining residential and commercial elements with varied architectural textures. The facade is segmented into distinct sections, each with different colors and materials, suggesting that multiple units have been joined or renovated over time. Upper floors feature traditional windows with shutters and dormer windows on the roof—these protruding roof structures add usable space and light to attic rooms, common in European architecture. The ground level hosts businesses, including a home care service and a dry cleaner, marked by clear signage. A traffic sign and construction barriers nearby indicate active infrastructure maintenance, reinforcing the dynamic nature of city life. The overall composition speaks to adaptive reuse and the coexistence of daily living, commerce, and civic development in a dense urban setting."
211_A.jpg,"a tall, classic building made of red brick with soft beige stone accents that feel like smooth borders around each edge. The roof is steep and angled, with small dormer windows poking out like little lookout towers, and several chimneys rising like vertical pipes. On the upper floors, the windows are framed with shutters—most of them closed—adding a sense of quiet and privacy. A balcony on the second floor holds a large inflatable snowman, hinting at a festive, wintery mood. Below, a smaller structure with signage reading “SCHÜNECK” suggests a shop or business, nestled beneath the main building. Power lines stretch across the front, and the sidewalk is part of a busy urban setting, grounding the building in everyday life while its decorative details give it a touch of charm and tradition."
212_A.jpg,"This building is a modern residential structure with five floors, designed for urban living. The facade is light-colored, offering a clean and neutral appearance. Each upper floor features multiple windows and glass-fronted balconies with metal railings, providing outdoor space and natural light to the apartments. The ground level functions as a garage area, with several wide garage doors and cars parked in front—indicating private vehicle access for residents. The overall layout is symmetrical and practical, emphasizing functionality and contemporary aesthetics. The building is surrounded by other structures and faces a paved road, placing it firmly within a dense city environment."
213_A.jpg,"a tall residential building with a soft, light-colored exterior and a warm brown roof that slopes steeply overhead. The roof is dotted with dormer windows—small, framed openings that peek out like little huts—and patches of snow rest quietly on its surface, hinting at a cold season. On the second and third floors, balconies extend outward, one of them hosting a small garden with potted plants that would feel textured and earthy to the touch. The windows are framed with graceful arches and decorative moldings, adding a sense of elegance and rhythm across the facade. Above it all, a green tarp or covering sits atop the roof, possibly shielding part of the structure. In front, tall shrubs or trees rise gently, and power lines stretch horizontally across the scene, anchoring the building in a lived-in, urban environment."
214_A.jpg,"This building features a classical European architectural style, with a symmetrical facade and ornate detailing that conveys elegance and historical character. Each floor includes balconies with decorative wrought iron railings, offering both aesthetic charm and functional outdoor space. The windows are evenly spaced and framed with stonework that adds texture and depth to the exterior. At street level, a central entrance is flanked by commercial storefronts, marked by visible signage—indicating mixed-use functionality. Parked cars and a tree line the sidewalk, while street signs suggest regulated urban activity. The overall design blends residential comfort with civic presence, reflecting the building’s role in a vibrant, historically rich city setting."
215_A.jpg,"This streetscape presents a harmonious blend of European vernacular architecture, characterized by steeply pitched gable roofs and vertically proportioned, shuttered windows that evoke a traditional Alpine or French provincial aesthetic. The façades are rhythmically articulated with a mix of fenestration and entryways, suggesting a mixed-use typology—possibly residential above and commercial or service-oriented below. The lower portion of the buildings is painted in a muted green, creating a visual base that anchors the structures to the street level while subtly differentiating the plinth from the upper volumes. Notably, the building on the right features a wrought iron balcony, adding ornamental detail and offering a transitional space between interior and exterior. The use of repetitive window modules and modest decorative elements reflects a restrained yet cohesive design language, contributing to the overall charm and pedestrian-friendly scale of the urban fabric."
216_A.jpg,"This multi-story brick building exemplifies early 20th-century urban architecture, blending utilitarian design with subtle ornamentation. The symmetrical façade is punctuated by vertically aligned arched windows, which not only enhance visual rhythm but also suggest a historic influence—possibly Romanesque or Renaissance revival. Decorative brickwork adds texture and depth, particularly around window surrounds and cornice lines, while the patterned roofline introduces a modest flourish that softens the otherwise rectilinear massing. The ground floor accommodates commercial units, evident from the signage and storefront glazing, reinforcing the building’s mixed-use function. Above, residential units are marked by repetitive window bays and external air conditioning units, indicating adaptive reuse or incremental modernization. The fire escape system on the left façade is both a safety feature and a visual cue of dense urban living, typical of mid-rise buildings in older city cores. Overall, the structure balances form and function, contributing to a cohesive streetscape with a strong sense of place"
217_A.jpg,"This building presents a modern residential facade with a playful twist in its visual framing. The structure is multi-story, with a yellow and white exterior that adds brightness and contrast. Windows are arranged in a grid-like pattern across the facade, offering a sense of order and rhythm. On the left side, several balconies protrude outward, likely enclosed with glass or metal railings, providing private outdoor space for residents. At street level, a storefront labeled ""VOCE ZELENINA"" suggests commercial use, possibly a local shop. The image itself is cropped into an irregular polygonal shape, creating a distorted perspective that emphasizes architectural geometry and adds an artistic layer to the otherwise straightforward urban design."
218_A.jpg,"This façade showcases refined Baroque or Rococo influences, evident in its ornate window surrounds featuring scrollwork and floral motifs. The building’s symmetry across three floors reinforces classical proportions, while tall, multi-paned windows framed in white contrast elegantly against the muted gray exterior. Each level maintains a rhythmic alignment, contributing to a cohesive vertical hierarchy. The tiled, slightly sloped roof adds a traditional European finish, and the overall composition reflects a historic urban typology that values decorative craftsmanship and formal balance."
219_A.jpg,"This building showcases classical architectural elegance with a symmetrical facade and ornate detailing. Its multi-story structure features arched windows and decorative moldings that frame each level, creating a sense of vertical rhythm and refinement. A central entrance is marked by a rounded archway, inviting and prominent, while balconies with intricate railings add both aesthetic charm and functional outdoor space. The building’s proportions and embellishments suggest historical influence, likely from European design traditions. Parked cars and adjacent buildings frame the scene, placing it within a lively urban context. The image itself is skewed into a trapezoidal shape, distorting perspective to highlight architectural features in a visually dynamic way"
220_A.jpg,"This image captures a classical-style multi-story building with a grid-like fenestration pattern and a warm yellow-brown façade, accentuated by decorative cornices and window frames that suggest neoclassical influences. The symmetrical arrangement of windows reinforces a formal rhythm, while the photograph’s triangular framing introduces a dynamic, abstract perspective—transforming the architectural elevation into a geometric composition. This interplay between built form and visual framing highlights the tension between architectural order and artistic interpretation, making it a compelling study in both urban design and architectural photography."
221_A.jpg,"This building reflects early 20th-century European residential architecture, characterized by its decorative and functional design. The facade includes bay windows that protrude outward, enhancing interior space and allowing more light into the rooms. Balconies with metal railings offer outdoor access and visual rhythm across the structure. Around the windows and roofline, ornamental detailing adds texture and historical charm, suggesting craftsmanship typical of that era. The ground floor hosts commercial spaces, marked by signage and separate entrances, integrating retail into the residential setting. Vehicles parked in front and the trapezoidal distortion of the image frame contribute to a dynamic urban scene, emphasizing both architectural form and the lived environment"
222_A.jpg,"This residential building presents a striking juxtaposition of architectural styles and color palettes, suggesting either a phased renovation or a fusion of two adjacent structures. The left segment features a subdued beige façade with green shutters and a gray roof, evoking a restrained, traditional aesthetic. In contrast, the right side showcases a vibrant yellow and red scheme with ornate balconies and a darker roof, reflecting a more expressive, possibly Mediterranean influence. Dormer windows punctuate the top floor, adding vertical emphasis and attic-level functionality. The ground-floor shop and parked van reinforce the building’s mixed-use character within an active urban streetscape."
223_A.jpg,"This building features a richly detailed classical facade, typical of historic European architecture. It rises several stories and includes arched windows framed with decorative moldings that add depth and elegance. A mural crowns the top center of the structure, serving as a visual focal point and possibly reflecting cultural or artistic significance. Balconies with ornate railings punctuate the facade, offering both aesthetic charm and functional outdoor space. The image is presented in a trapezoidal shape, with the top wider than the bottom, creating a skewed perspective that emphasizes the building’s verticality and grandeur. Flanked by similarly styled neighboring structures, the building sits within a cohesive urban block, suggesting its place in a culturally rich and historically layered cityscape."
224_A.jpg,"This façade exemplifies late 19th to early 20th-century European residential architecture, combining classical symmetry with rich material contrast. The central bay window structure vertically anchors the composition, flanked by evenly spaced fenestration that reinforces balance. The lower level, clad in light stone with arched openings, conveys solidity and civic elegance, while the upper red brickwork, trimmed with white stone accents, introduces warmth and visual rhythm. Sculptural reliefs and ornamental detailing near the roofline elevate the building’s historic character, blending functionality with artistic craftsmanship in a dense urban context."
225_A.jpg,"This building combines hospitality and commercial architecture in a lively urban setting. The ground floor features a restaurant and bar named ""Crazy Cow,"" with bold signage that uses playful cow-pattern graphics to attract attention and convey a casual, themed atmosphere. Above the restaurant, several floors of the building are part of the ""Bohemia Hotel,"" as indicated by a vertical sign on the left side. These upper levels include balconies and windows, suggesting guest rooms with outdoor access and natural light. The facade transitions from brick at the base to a lighter-colored exterior above, creating visual contrast and separating public and private zones. The overall design reflects a mixed-use structure that blends entertainment, accommodation, and street-level engagement in a cohesive architectural form."
226_A.jpg,"This image presents a classical residential façade with strong vertical emphasis and symmetrical organization, centered around a projecting bay window structure that spans multiple floors. The lower portion features light stone cladding with arched openings, establishing a grounded, formal base. Above, red brickwork is articulated with white stone trim, framing windows and accentuating the cornice line. Decorative reliefs and sculptural elements near the roofline add historic character and artistic depth, reflecting late 19th-century European urban design. The irregular quadrilateral framing introduces a visual distortion, drawing focus to the central architectural features while abstracting the building’s context."
227_A.jpg,"This building is a multi-story structure with a steep red-tiled roof, typical of colder climates, and tall, narrow windows that give the facade a vertical emphasis. Snow covers the roof and the steps leading up to the entrance, indicating a winter setting and adding texture to the scene. A large leafless tree stands to the left, its bare branches contrasting with the building’s rigid geometry. The steps are broad and slightly elevated, guiding visitors toward the entrance. A blue traffic sign with a white arrow near the bottom right signals directional flow, reinforcing the urban context. The overcast sky and muted tones contribute to a quiet, subdued atmosphere, highlighting the building’s solid, functional design within a seasonal landscape."
228_A.jpg,"This classical-style façade exhibits a refined vertical hierarchy across five floors, unified by symmetrical window arrangements and ornate detailing. The top floor features arched windows with prominent keystones, while lower levels display rectangular fenestration framed by varied lintel treatments. Decorative cornices and pilasters articulate the structure, adding depth and rhythm to the elevation. The building’s historic character is emphasized through its layered ornamentation and proportional clarity, while the black triangular vignette framing introduces a dramatic, almost theatrical focus on the architectural composition."
229_A.jpg,"This two-story building reflects traditional European architectural sensibilities, likely Swiss or German in origin. Its white facade is punctuated by dark green shutters on evenly spaced windows, creating a symmetrical and orderly appearance. The central entrance anchors the design, while large display windows on the ground floor suggest commercial or office use. Above, dormer windows emerge from the snow-dusted roof, adding character and light to the attic space. The snow covering the roof and surroundings reinforces the building’s adaptation to a cold climate, with steep rooflines aiding in snow runoff. Overall, the structure balances function and charm, offering a clear visual rhythm and seasonal context."
230_A.jpg,"This six-story classical-style building features a symmetrical façade with vertically aligned windows framed by ornate moldings and pediments, reflecting a refined historicist approach. The upper floors incorporate small balconies and decorative stonework, adding depth and elegance to the elevation. The ground level hosts commercial establishments, evident from signage and storefront glazing, reinforcing its mixed-use function. The rhythmic window arrangement and layered ornamentation contribute to a cohesive urban presence, while the view from inside a vehicle introduces a candid, street-level perspective of the building’s integration into the cityscape"
231_A.jpg,"This building presents a classical urban facade with refined architectural detailing. It rises several stories and features arched windows framed by decorative moldings, lending a sense of elegance and historical depth. The beige exterior provides a soft, neutral backdrop that highlights the symmetry of the window placement and the ornamental features. A mural at the top center adds a unique artistic touch, possibly reflecting cultural or local identity. Adjacent buildings differ slightly in color and design, suggesting a diverse yet cohesive streetscape. The image is framed in an irregular polygonal shape, creating a skewed perspective that emphasizes the building’s verticality and ornate character, making it visually engaging and suitable for artistic or architectural analysis"
232_A.jpg,"This historic façade exemplifies classical European architecture with its tripartite vertical composition and ornate detailing. The symmetrical arrangement of windows is anchored by a central bay featuring a small balcony on the middle level, framed by decorative stonework and sculptural carvings above the entrance. The top floor is distinguished by oval windows and an intricately molded cornice, adding visual richness and a sense of grandeur. The trapezoidal framing of the image emphasizes the building’s verticality and ornamental hierarchy, while the pedestrians at street level provide scale and reinforce its civic presence."
233_A.jpg,"This building features a balanced and inviting facade, combining commercial and residential elements in a traditional urban style. The exterior is light-colored, with two levels of windows that create a clear visual rhythm. On the upper floor, seven tall windows with arched tops and wooden frames add elegance and vertical emphasis. Below, five rectangular windows and three entrances are topped with awnings, signaling active storefronts—one labeled ""INA CAFE,"" suggesting a café or retail space. The symmetry of the design, along with the mix of arched and flat window forms, reflects thoughtful planning. A person walking past and decals on the glass hint at daily activity, grounding the architecture in a lived, social environment."
234_A.jpg,"This three-story brick building reflects a modest yet functional urban vernacular, characterized by symmetrical window placement and a flat roofline. The ground level hosts three distinct storefronts, including a central retail outlet and adjacent commercial spaces, reinforcing its mixed-use typology. The façade’s simplicity is punctuated by utilitarian elements such as air conditioning units and a streetlamp, while the consistent fenestration and restrained ornamentation suggest a mid-20th-century construction era. Pedestrian activity and signage contribute to the building’s integration into a lively streetscape, emphasizing its role in everyday urban life."
235_A.jpg,"This building is a four-story residential structure with a simple, functional design suited to an urban environment. Its beige facade is punctuated by evenly spaced windows and balconies on each floor, with white railings that add contrast and rhythm to the exterior. The balconies provide outdoor access and light, contributing to the livability of each unit. Power lines run horizontally across the front, a common feature in densely built areas. At street level, graffiti marks the wall, and a parked car is partially visible, suggesting everyday urban activity. A leafless tree stands to the left, its bare branches adding seasonal context and softening the rigid geometry of the building. The overall composition reflects modest, practical architecture integrated into a lived cityscape."
236_A.jpg,"This weathered structure reveals the raw honesty of exposed concrete architecture, marked by erosion, discoloration, and peeling surfaces that speak to prolonged neglect and environmental wear. The repetitive window placements and horizontal ledges suggest a utilitarian design, possibly mid-century modern or brutalist in origin, stripped of ornamentation and focused on structural clarity. Vegetation at the base hints at abandonment, while the visible beams and fragmented façade offer a textured narrative of decay, resilience, and the passage of time within an urban context."
237_A.jpg,"This building exemplifies contemporary urban architecture with a clean, functional design. Its facade is white, punctuated by multiple windows—some fitted with shutters—offering both ventilation and privacy. The ground floor houses a retail space, identified by the bold orange and red signage reading ""coop,"" a well-known chain. Large glass windows below the sign display products and promotional materials, inviting pedestrian engagement. Overhead electrical wires suggest proximity to a tram or trolley system, integrating public transport into the streetscape. A portion of a vehicle is visible, reinforcing the building’s placement in a busy, accessible urban zone. The overall structure balances modern retail branding with practical residential or mixed-use design."
238_A.jpg,"This historic brick building exemplifies late 19th-century institutional architecture, characterized by its rhythmic arched windows, vertically stacked bays, and richly textured façade. The symmetrical composition and decorative detailing—particularly around the cornice and window surrounds—convey a sense of civic grandeur and permanence. Leafless trees in the foreground frame the structure seasonally, while the presence of construction cranes in the background introduces a visual contrast between heritage architecture and ongoing urban development, highlighting the layered evolution of the cityscape."
239_A.jpg,"This building displays a refined classical facade painted in light green, nestled between two contrasting structures—one orange and one brown—creating a visually balanced streetscape. Its design is symmetrical, with evenly spaced windows and a central balcony that adds depth and hierarchy to the composition. The arched entrance at ground level serves as a welcoming focal point, framed by subtle decorative detailing. The image is presented in a trapezoidal format, distorting the perspective to emphasize verticality and architectural rhythm. Parked cars in front and the tight spacing between buildings suggest a dense urban setting, where historical charm meets everyday functionality."
240_A.jpg,"This three-story classical-style building features a balanced façade with a beige exterior accented by white trim, pilasters, and cornices that emphasize verticality and symmetry. The ground floor accommodates commercial functions, notably a travel-related storefront marked “MINOAN LINES,” while the upper floors display tall shuttered windows, reinforcing the building’s residential character. The use of restrained ornamentation and proportionate detailing reflects a neoclassical influence, contributing to the structure’s dignified urban presence within a mixed-use streetscape."
241_A.jpg,"This streetscape features three adjacent multi-story buildings, each showcasing classical European architectural elements. The building on the left has a beige facade with arched windows and doors at street level, and signage reading ""Music Klub,"" indicating a cultural or entertainment venue. The middle building shares a similar tone but includes more elaborate window moldings, adding depth and ornamentation. The rightmost building stands taller, with a pinkish exterior accented by white trim and a columned entrance, suggesting a more formal or institutional function. All three facades display decorative cornices and symmetrical window arrangements, contributing to a cohesive yet varied urban rhythm. Parked cars and pedestrians animate the scene, grounding the architecture in everyday city life."
242_A.jpg,"This two-story suburban residence with an attic reflects a modest European domestic vernacular, distinguished by its light pink façade and brown-trimmed gabled roof. The symmetrical window placement, some with shutters, contributes to a balanced and orderly elevation, while the attic dormers add vertical emphasis and usable upper-floor space. Seasonal cues—leafless trees and a trimmed hedge—suggest autumn or winter, enhancing the building’s quiet residential character. Set within a neighborhood of similar homes and intersected by overhead power lines, the structure embodies a functional yet charming approach to small-scale housing."
243_A.jpg,"This five-story residential building features a muted gray facade accented with white trim, creating a refined and balanced appearance. The design is symmetrical, with evenly spaced windows on each level that reinforce visual order. On the ground floor, arched windows and a central entrance add classical character and invite entry. Decorative detailing around the windows and along the roofline enhances the building’s elegance, suggesting European architectural influence. Flanked by neighboring buildings in contrasting colors, the structure sits within a vibrant urban context. Parked cars at street level further anchor the scene in everyday city life, blending historical charm with modern functionality."
244_A.jpg,"This mixed-use building exemplifies contemporary European urban architecture, combining residential and commercial functions within a cohesive structure. The beige façade is punctuated by brown-shuttered windows and modest balconies, while dormer windows embedded in the sloped roof add vertical articulation and attic-level utility. Ground-floor storefronts, including signage for electronics and telecom brands, activate the street edge and reflect the building’s integration into a bustling intersection. The presence of a public bus and traffic light reinforces its role within a transit-oriented urban fabric, balancing domestic scale with commercial vibrancy."
245_A.jpg,"This multi-story residential building features a classical design with a light-toned facade and six visible floors. Each level includes multiple windows and small balconies fitted with wrought iron railings, adding both decorative rhythm and functional outdoor space. Several air conditioning units are mounted externally, indicating modern adaptations within a traditional structure. A curved corner on the right side of the building introduces architectural softness and visual interest, breaking the linearity of the facade. A tree partially obscures the lower portion, and a traffic light hangs in the foreground, situating the building within a busy urban streetscape. The image is framed with black triangular shapes, suggesting an artistic or lens-based distortion that draws attention to the building’s vertical form and classical detailing."
246_A.jpg,"This modern multi-story building features a clean, rectilinear façade rendered in a muted yellow tone, punctuated by large rectangular windows fitted with horizontal blinds. The uniform window arrangement and minimal ornamentation reflect a functionalist design ethos, emphasizing simplicity and repetition. Seasonal cues—leafless trees and green shrubs—frame the structure and suggest a transitional climate, while the parked car and street frontage situate the building within a suburban or institutional context. Overall, the architecture prioritizes clarity, efficiency, and understated integration into its landscaped surroundings."
247_A.jpg,"This five-story building showcases classical urban architecture with a symmetrical façade and layered ornamentation. The lower portion, painted in a muted blue-gray, contrasts with the light beige upper levels, creating visual separation and grounding the structure. Ornate window frames and decorative cornices articulate each floor, reinforcing vertical rhythm and historic character. The trapezoidal distortion of the image emphasizes the building’s central axis and adds a dynamic perspective, while parked cars and pedestrians animate the streetscape, situating the architecture within a lived urban environment."
248_A.jpg,"This multi-story residential building features a symmetrical façade with a central entrance and grid-patterned window arrangement, reflecting a utilitarian and orderly design approach. The structure’s simplicity is emphasized by minimal ornamentation and a flat elevation, suggesting mid-20th-century urban housing typologies. The triangular framing introduces a dramatic distortion, funneling visual focus toward the building’s center and creating a dynamic interplay between architectural form and photographic manipulation. Parked cars and street-level context reinforce its integration into a lived urban environment."
249_A.jpg,"This multi-story building blends classical architecture with institutional character, distinguished by its arched windows and a prominent dome structure atop the roof. The facade transitions from a stone-clad lower portion to a painted upper section in beige and gray tones, creating visual hierarchy and material contrast. The dome suggests a specialized function—possibly an observatory or scientific facility—adding historical and spatial significance. Tall trees and bare shrubs in the foreground, along with snow on the ground, indicate a winter setting and soften the building’s formal geometry. The overall composition conveys a sense of purpose and permanence, rooted in both architectural tradition and civic identity."
250_A.jpg,"This institutional-style brick building features a symmetrical façade defined by a grid of white-framed windows and a central entrance accentuated with classical elements—a decorative pediment and supporting columns. The repetitive fenestration and restrained ornamentation suggest a mid-20th-century civic or academic typology, emphasizing order and permanence. Stone posts linked by chains delineate the forecourt, while the leafless tree introduces seasonal contrast and organic texture. The overall composition reflects a blend of formal architecture and functional urban landscaping, likely serving educational or governmental purposes."
251_A.jpg,"This ornate multi-story building exemplifies historic European architecture, distinguished by its symmetrical façade, arched ground-floor entrances, and richly articulated bay windows. The use of green and yellow accents enhances the visual rhythm, while pilasters and decorative moldings add depth and classical refinement. Dormer windows and flanking towers crown the roofline, contributing vertical emphasis and a sense of grandeur. The building’s urban placement, framed by parked cars and street signage, reinforces its civic presence and layered architectural character within a vibrant cityscape."
252_A.jpg,"This historic three-story building features a yellow facade and a steep, dark brown tiled roof, reflecting European architectural styles from the 18th or 19th century. Its design is symmetrical, with evenly spaced windows framed by decorative trim that adds elegance and rhythm. A central arched doorway serves as the main entrance, positioned directly beneath a sculptural emblem—possibly a coat of arms—suggesting official or governmental use. Horizontal stripes along the lower portion of the facade introduce texture and visual grounding. Flags hang above the entrance, reinforcing its civic or institutional role. The presence of pedestrians and parked cars situates the building in a lively urban environment, blending historical dignity with everyday accessibility."
253_A.jpg,"This early 20th-century European building features a symmetrical façade with vertically aligned windows framed by decorative stonework, reflecting a restrained classical influence. The prominent arched entrance on the left anchors the elevation and introduces a sense of formality. The overall composition is balanced and proportionate, with modest ornamentation that enhances the structure’s civic or residential character. The image’s triangular cropping adds visual tension, drawing focus toward the central architectural elements while abstracting the building’s full context within the urban streetscape."
